"review_id","k","total_n","effect","ci_lo","ci_hi","i2","tau2","p_value","rob_down","incon_down","indirect_down","imprec_down","pubbias_down","total_down","grade_score","grade_label"
"CD000028_pub4",35,61625,0.915188473030442,0.85601930161099,0.978447494807094,41.5610756680385,0.0138392847529781,0.00935125996572423,0,1,0,0,0,1,3,"MODERATE"
"CD000143_pub2",47,3269,0.644858788435179,0.560638519069182,0.741730799575639,46.5382282037835,0.0958333669230931,8.04135247135307e-10,0,1,0,0,0,1,3,"MODERATE"
"CD000219_pub5",27,6858,0.787564101712303,0.706872445375294,0.877466957955333,41.3503693845446,0.0259254459645961,1.48988648405859e-05,0,1,0,0,0,1,3,"MODERATE"
"CD000478_pub5",26,1030,0.679052869850503,0.606043879321124,0.76085711907318,0,0,2.56716383198844e-11,0,0,0,1,0,1,3,"MODERATE"
"CD000547_pub3",2,150,26.4011881254728,10.8532752181049,64.2223403009136,62.962112832734,0.266491223965895,5.29774234084325e-13,0,1,0,1,0,2,2,"LOW"
"CD001155_pub3",93,45745,0.731172270830544,0.637781702578652,0.838238048332166,46.5563977527147,0.123927718666638,7.09398543246024e-06,0,1,0,0,0,1,3,"MODERATE"
"CD001321_pub7",99,22149,0.725124916488266,0.664615129729722,0.791143807884639,62.0287802312507,0.0871430407659165,4.84045570702929e-13,0,1,0,0,2,3,1,"VERY LOW"
"CD001396_pub4",3,269,0.713635602024337,0.426181120199187,1.19497497270319,0.00247179000184397,5.95370083688248e-06,0.199578076877797,0,0,0,2,0,2,2,"LOW"
"CD001431_pub6",297,73710,2.6885407106252,2.29241899256068,3.15311083015192,99.6390384301362,1.80795634481593,4.98202584948365e-34,0,2,0,0,0,2,2,"LOW"
"CD001533_pub7",38,3360,0.817058719116682,0.726271459992201,0.919194801475142,60.2097287801666,0.0641051900496096,0.000773644147778562,0,1,0,0,2,3,1,"VERY LOW"
"CD001552_pub3",7,629,0.952369379072975,0.679984751437576,1.33386437310294,86.3576702313015,0.162017093415804,0.776460690031605,0,2,0,2,0,4,1,"VERY LOW"
"CD001797_pub4",7,343,1.85645564405251,1.15908581467055,2.97340155035371,45.0429378598538,0.155704008980818,0.0100443380566688,0,1,0,1,0,2,2,"LOW"
"CD001837_pub4",110,39320,1.25325745669447,1.19178026810353,1.31790590496994,41.4036653606956,0.0244408777740282,1.40730077265629e-18,0,1,0,0,2,3,1,"VERY LOW"
"CD001909_pub4",47,5925,1.66152129545146,1.38408633870736,1.99456705700669,39.4589118782252,0.113799428899354,5.11838908482644e-08,0,0,0,0,2,2,2,"LOW"
"CD001920_pub4",140,12961,1.45592280190721,1.29452445306841,1.63744392783696,93.4424141212972,0.421867446897386,3.70014037649464e-10,0,2,0,0,2,4,1,"VERY LOW"
"CD002042_pub6",57,28357,0.584344736211379,0.524832049896971,0.650605790566674,97.5073525990777,0.151221629251346,1.08586913701138e-22,0,2,0,0,2,4,1,"VERY LOW"
"CD002052_pub4",3,218,1.85736141081508,0.502964096858867,6.85892180362327,29.7288685909781,0.485937833432303,0.352925564248097,0,0,0,2,0,2,2,"LOW"
"CD002112_pub2",4,257,1.40307487188862,0.913806349505008,2.15430665062857,0,0,0.121622857372457,0,0,0,2,0,2,2,"LOW"
"CD002122_pub3",29,3940,0.831670025684397,0.70460364361157,0.981651227456878,95.2684964576228,0.135505214950048,0.0293373320348137,0,2,0,0,1,3,1,"VERY LOW"
"CD002203_pub5",3,406,5.42808399606045,3.10367775313392,9.49328448758456,0,0,3.0080250124923e-09,0,0,0,1,0,1,3,"MODERATE"
"CD002243_pub5",74,23166,0.910796621932299,0.873166120824979,0.95004887012739,0.0115202024957117,4.22298758198986e-06,1.4228632638524e-05,0,0,0,0,2,2,2,"LOW"
"CD002290_pub6",88,5682,0.668035540709087,0.590971573317938,0.755148815610445,81.2769657527304,0.215153480423863,1.11294958011885e-10,0,2,0,0,2,4,1,"VERY LOW"
"CD002303_pub4",8,1732,1.21289843120274,0.848559145669279,1.7336712613636,87.6496645408341,0.200843821337137,0.289599254501117,0,2,0,2,0,4,1,"VERY LOW"
"CD002971_pub6",10,2191,0.504679641416995,0.313991499186612,0.811173363357242,22.1013376914457,0.118730628344071,0.00473791511621847,0,0,0,0,0,0,4,"HIGH"
"CD003129_pub2",4,422,1.56056805289698,1.2120972171556,2.0092222086259,0,0,0.000556570159516501,0,0,0,1,0,1,3,"MODERATE"
"CD003216_pub3",21,7173,1.03724945842717,0.878884645894967,1.22414977213748,33.0912534414837,0.0358734286013225,0.66525534701795,0,0,0,1,0,1,3,"MODERATE"
"CD003218_pub3",2,86,5.39640704248832,3.11599145197219,9.34572813086059,0,0,1.78509400581747e-09,0,0,0,1,0,1,3,"MODERATE"
"CD003331_pub6",35,3864,0.92718367269891,0.711702967817592,1.20790498535587,0,0,0.575303912344419,0,0,0,1,0,1,3,"MODERATE"
"CD003333_pub4",5,4727,0.990452690555714,0.886941821820534,1.10604383297144,0,0,0.86474249757008,0,0,0,1,0,1,3,"MODERATE"
"CD003357_pub5",10,1542,2.05482200159723,1.37220315669659,3.07701774160956,61.5288364102407,0.226004774065621,0.000472353369984395,0,1,0,1,2,4,1,"VERY LOW"
"CD003376_pub4",55,4937,0.917798299137265,0.760084814639736,1.10823647792321,0,0,0.372564447183925,0,0,0,1,0,1,3,"MODERATE"
"CD003414_pub4",19,4468,1.04059860957468,0.904982260806007,1.19653778106583,0.000148267424959541,1.44847018244891e-07,0.576436142715009,0,0,0,1,0,1,3,"MODERATE"
"CD003451_pub3",12,398,3.67751010729632,2.48386469915343,5.44477345882649,97.2123261585798,0.414932290882591,7.81042714059171e-11,0,2,0,1,2,5,1,"VERY LOW"
"CD003511_pub6",8,1276,0.861422626701816,0.672721880811455,1.10305456528153,13.52124913764,0.019741001981702,0.237013282068239,0,0,0,2,0,2,2,"LOW"
"CD003519_pub5",58,8181,1.29415837855333,1.23168732088076,1.35979796202021,54.0615214803571,0.0142220498302297,1.69383577847967e-24,0,1,0,0,2,3,1,"VERY LOW"
"CD003594_pub7",44,2540,1.4137102196469,1.20546969714663,1.6579235379079,41.1539325354537,0.0912536956087531,2.05793645330864e-05,0,1,0,0,1,2,2,"LOW"
"CD003598_pub3",37,5808,1.28046152493709,0.853872314024191,1.92017200922827,72.113495973647,0.578309496468688,0.231754269369409,0,1,0,1,0,2,2,"LOW"
"CD003774_pub5",134,19214,0.482961187231311,0.432825893137238,0.53890377648437,43.1154306709024,0.134765418159078,9.96863049086869e-39,0,1,0,0,2,3,1,"VERY LOW"
"CD003962_pub3",9,704,1.87214332270193,1.50655714939909,2.32644385387931,0.000686909160486053,1.14025533403212e-06,1.53785505275565e-08,0,0,0,1,0,1,3,"MODERATE"
"CD004184_pub3",2,1470,0.493243,0.0906199454078918,2.68471423099989,0,0,0.413601047873008,0,0,0,2,0,2,2,"LOW"
"CD004307_pub7",55,22245,1.63865431626321,1.43596191290804,1.8699576528253,31.3247054616446,0.0559531015911689,2.28346057234731e-13,0,0,0,0,0,0,4,"HIGH"
"CD004376_pub4",4,471,0.546494649630013,0.3479882519427,0.858237024976945,0,0,0.00869407166919507,0,0,0,1,0,1,3,"MODERATE"
"CD004406_pub6",17,5615,0.877845729972126,0.761829149551601,1.01153011286568,20.6024315571397,0.0172517396906902,0.0716269775258128,0,0,0,1,0,1,3,"MODERATE"
"CD004417_pub6",55,14276,0.412560779208148,0.229743335359807,0.740854555255192,96.4560348322626,4.57475311538298,0.00303430016726681,0,2,0,0,2,4,1,"VERY LOW"
"CD004508_pub5",3,378,0.504267521783917,0.210847698604673,1.20601616811035,0,0,0.123818961300501,0,0,0,2,0,2,2,"LOW"
"CD004661_pub4",49,48621,0.955304233473247,0.889173590651082,1.02635322066152,8.17223427604518,0.00496889549585865,0.211553747055459,0,0,0,1,0,1,3,"MODERATE"
"CD004667_pub6",60,71456,1.05150815728269,1.04149259356711,1.06162003614938,0.0619358001780512,8.99755814587085e-07,8.1606600971667e-25,0,0,0,0,2,2,2,"LOW"
"CD004703_pub3",10,1021,0.916271881489587,0.405164300182246,2.07213261491901,0,0,0.833646339957269,0,0,0,2,0,2,2,"LOW"
"CD004736_pub6",37,31244,0.33939729642327,0.264422086341934,0.435631253096112,85.9971949922628,0.35694816234263,2.16624031431497e-17,0,2,0,0,2,4,1,"VERY LOW"
"CD004904_pub4",4,974,1.00505644732256,0.504301788626336,2.00304358439052,0,0,0.98856282877353,0,0,0,2,0,2,2,"LOW"
"CD004925_pub4",31,5294,0.345555239430967,0.245357782240292,0.486670617935605,0,0,1.18667581930498e-09,0,0,0,0,2,2,2,"LOW"
"CD004953_pub5",5,300,1.11097407558081,0.455444880943916,2.71001705860566,25.3963649036649,0.270353267278776,0.81707255712483,0,0,0,2,0,2,2,"LOW"
"CD004992_pub4",4,271,0.153347168304347,0.0757139900073848,0.310581360520932,24.687732748023,0.130720543235843,1.91473512564921e-07,0,0,0,1,0,1,3,"MODERATE"
"CD005133_pub4",17,1598,0.633057591336303,0.352474917482948,1.13699413510157,65.046032045731,0.783409630500914,0.125949262449998,0,1,0,2,2,5,1,"VERY LOW"
"CD005187_pub6",4,1245,0.890027628788131,0.541370369438037,1.4632296570433,0,0,0.646011578281551,0,0,0,2,0,2,2,"LOW"
"CD005343_pub7",4,1692,0.961776456072015,0.860021364971187,1.0755708975735,0,0,0.494543673197034,0,0,0,2,0,2,2,"LOW"
"CD005495_pub5",22,5539,0.796684936565773,0.63677781263095,0.996747806787451,67.8106031575027,0.137582414259133,0.0467566215549621,0,1,0,0,0,1,3,"MODERATE"
"CD005582_pub5",2,114,0.942321318040349,0.44844061388178,1.98012722074141,0,0,0.875395491214566,0,0,0,2,0,2,2,"LOW"
"CD005595_pub4",10,1521,3.22513248877015,1.32647052917791,7.84147053501985,89.7917376065414,1.65773788211749,0.00978697233606193,0,2,0,1,2,5,1,"VERY LOW"
"CD005951_pub5",14,4364,0.990009640011772,0.890395604094167,1.10076811117385,45.9664059947194,0.0135497225125338,0.852781286093499,0,1,0,1,0,2,2,"LOW"
"CD006023_pub4",84,21589,0.704780239877288,0.542810097826282,0.915080962035554,85.4057413496607,0.704530096393464,0.00863700284217597,0,2,0,0,0,2,2,"LOW"
"CD006027_pub3",10,1491,1.07074566265146,0.795332592084748,1.44153060681403,79.9568657517046,0.143725356093549,0.652301214461426,0,2,0,2,0,4,1,"VERY LOW"
"CD006124_pub3",8,720,0.777026917128418,0.531697230071085,1.13555383739986,0,0,0.192475667635215,0,0,0,2,0,2,2,"LOW"
"CD006140_pub3",9,1561,0.797962570846773,0.668211367022322,0.952908459653785,77.3884780029189,0.0489067970671974,0.012675179486702,0,2,0,1,0,3,1,"VERY LOW"
"CD006182_pub3",20,2718,1.44796682296782,1.03449743718011,2.02669223244338,90.0978187349864,0.404619491645349,0.0309513290191946,0,2,0,0,1,3,1,"VERY LOW"
"CD006185_pub6",223,11694,1.6507461532252,1.48027168327501,1.84085319821763,30.6689103577452,0.187180554909715,2.00951316471227e-19,0,0,0,0,2,2,2,"LOW"
"CD006257_pub2",62,25776,0.902678464162173,0.73261297056501,1.11222219971585,75.4078783636947,0.279253854214334,0.336372706761889,0,2,0,1,0,3,1,"VERY LOW"
"CD006273_pub4",2,242,9.40974219080934,1.13288195645554,78.1575234674263,0,0,0.0379390070248072,0,0,0,1,0,1,3,"MODERATE"
"CD006404_pub5",17,9079,0.552524965331332,0.331250877851307,0.921609141973133,21.3673026735298,0.225536857185859,0.0230420969791693,0,0,0,0,0,0,4,"HIGH"
"CD006475_pub3",13,3858,0.940800610108387,0.806891440307312,1.09693292525598,8.79582723897441,0.00711293874114714,0.435987935567033,0,0,0,1,0,1,3,"MODERATE"
"CD006536_pub5",251,22977,0.786782593622414,0.680571908174712,0.909568617499124,0,0,0.00119083485210906,0,0,0,0,2,2,2,"LOW"
"CD006606_pub5",2,739,0.474697277028606,0.170990222163749,1.31783854051361,90.8396742533953,0.4931263839314,0.152654781727842,0,2,0,2,0,4,1,"VERY LOW"
"CD006632_pub3",11,12110,0.804787753307932,0.603914453910153,1.07247528798307,60.4117227924439,0.12151473465056,0.13823291646273,0,1,0,1,0,2,2,"LOW"
"CD006689_pub3",17,6335,0.507806571254086,0.401364812064906,0.642476634865367,12.1429844431009,0.0288735329793546,1.63836800903235e-08,0,0,0,0,0,0,4,"HIGH"
"CD006714_pub3",3,269,0.999403820293935,0.977927766787145,1.02135150462039,0,0,0.957088742352735,0,0,0,2,0,2,2,"LOW"
"CD006742_pub3",4,9117,0.854868311376261,0.625339566396342,1.16864479566949,3.15486735958973,0.00544254968256525,0.325598243350006,0,0,0,1,0,1,3,"MODERATE"
"CD006839_pub5",7,498,0.964241853720332,0.877746948917828,1.05926013597919,0,0,0.447623302491223,0,0,0,2,0,2,2,"LOW"
"CD006913_pub3",16,1152,1.0880238165641,0.751370485526875,1.57551547234466,84.2521359890758,0.402088381590832,0.655141380800796,0,2,0,2,2,6,1,"VERY LOW"
"CD006919_pub5",14,1744,1.04900038946652,0.792607924855989,1.38833057630714,18.6673395630135,0.0518357996240488,0.737965989891384,0,0,0,2,0,2,2,"LOW"
"CD006942_pub4",18,3875,0.911362928590208,0.705003801726988,1.1781246931916,41.3204271618603,0.109507734507573,0.478594406434587,0,1,0,1,0,2,2,"LOW"
"CD007024_pub3",4,174,0.815437813106137,0.481606946614054,1.38066701844353,0,0,0.447611742754666,0,0,0,2,0,2,2,"LOW"
"CD007026_pub7",14,3378,0.946024196850487,0.719695298952752,1.2435287299068,0,0,0.69083083790865,0,0,0,1,0,1,3,"MODERATE"
"CD007079_pub4",18,38239,0.976190885786807,0.941877016945366,1.01175485583433,0.0076097292596178,7.0953196610338e-07,0.186870075442222,0,0,0,1,2,3,1,"VERY LOW"
"CD007110_pub4",24,9678,0.721399179451064,0.499170562888053,1.04256303316784,60.7968037155718,0.382112155704162,0.0821852868470107,0,1,0,1,0,2,2,"LOW"
"CD007130_pub5",7,1166,1.18215695138118,0.63937135371824,2.18573298533281,0,0,0.593582754517744,0,0,0,2,0,2,2,"LOW"
"CD007156_pub3",12,1642,4.23323269796042,2.61506319054238,6.85270594603281,98.539905353627,0.642239063209226,4.31638220135099e-09,0,2,0,1,2,5,1,"VERY LOW"
"CD007310_pub3",3,277,2.48052717385447,1.48343009001571,4.14782948090617,29.0550400436318,0.0640968274091202,0.000533315035347695,0,0,0,1,0,1,3,"MODERATE"
"CD007374_pub3",6,713,0.837098475123854,0.396672855358787,1.7665283812296,0,0,0.640744128642311,0,0,0,2,0,2,2,"LOW"
"CD007388_pub3",6,1864,1.47964242556898,0.722906518900167,3.02852671860604,0,0,0.283669106902868,0,0,0,2,0,2,2,"LOW"
"CD007491_pub3",3,420,0.89229328332236,0.550351788633604,1.44668795469702,0.000540528601348186,2.11967204281925e-06,0.643922807917466,0,0,0,2,0,2,2,"LOW"
"CD007569_pub4",19,1477,1.16607931410944,1.05643799640629,1.28709964183361,28.689986198018,0.0114091502637352,0.00229008084618386,0,0,0,1,2,3,1,"VERY LOW"
"CD007572_pub4",13,2720,0.874142427782959,0.8199439933251,0.931923387781093,56.7888479779951,0.00662471098543396,3.80586662365888e-05,0,1,0,0,0,1,3,"MODERATE"
"CD007639_pub3",14,618,10.7517308651953,7.47583117305732,15.4631256273164,96.4636475547401,0.368631193851652,1.43693511043251e-37,0,2,0,1,1,4,1,"VERY LOW"
"CD007693_pub3",52,123,1.07479745616491,0.957390378361698,1.2066024454469,70.6892068499494,0.106514504376444,0.221633246342361,0,1,0,2,2,5,1,"VERY LOW"
"CD007784_pub3",15,39344,0.725231563780553,0.673001256919093,0.781515362261524,28.1116950719515,0.00457915023336835,3.62343755688112e-17,0,0,0,0,2,2,2,"LOW"
"CD007837_pub3",2,90,2.62599193775367,1.00542782185176,6.85860636365401,0,0,0.0487180069665432,0,0,0,1,0,1,3,"MODERATE"
"CD007859_pub5",4,367,6.25737930877384,3.91752597277083,9.99477631699711,34.1701399530503,0.0774518080010391,1.6552540888968e-14,0,0,0,1,0,1,3,"MODERATE"
"CD007872_pub4",3,18897,0.920351346077422,0.796105116239804,1.0639883891556,31.2343850335791,0.00582572447307691,0.261972826531768,0,0,0,1,0,1,3,"MODERATE"
"CD007896_pub4",129,28051,6.0458019187128,5.23324247867918,6.98452651281252,81.3237287801924,0.5038780902692,7.29626937290558e-132,0,2,0,0,2,4,1,"VERY LOW"
"CD008063_pub3",16,2874,0.531100335443088,0.394739710755977,0.714565975051167,36.0783307147239,0.120334214384669,2.91558373968302e-05,0,0,0,0,0,0,4,"HIGH"
"CD008145_pub4",28,25609,1.27185633609591,1.15353489591372,1.40231435164863,98.4551080494961,0.0602317704656278,1.38630459177697e-06,0,2,0,0,2,4,1,"VERY LOW"
"CD008176_pub3",25,11580,0.966441129736781,0.835657634199332,1.11769272369756,0.00222304095120786,3.31161643318682e-06,0.645418712074147,0,0,0,1,0,1,3,"MODERATE"
"CD008237_pub4",2,174,0.446583610849058,0.267889617538706,0.744474247682132,0,0,0.0019902195307447,0,0,0,1,0,1,3,"MODERATE"
"CD008309_pub3",9,579,1.2734162795003,0.873023742177431,1.85743977231584,0.000234608148566115,9.08940266913813e-07,0.209496853537776,0,0,0,2,0,2,2,"LOW"
"CD008349_pub5",24,800,1.38181027789048,1.16497878936456,1.63899949210683,12.2093983381099,0.020324791909173,0.000204459793198354,0,0,0,1,2,3,1,"VERY LOW"
"CD008469_pub3",15,2087,1.09173261396085,0.565958369589033,2.10595012712908,0,0,0.793453879232729,0,0,0,1,0,1,3,"MODERATE"
"CD008493_pub5",14,16069,1.28495304613276,0.922906630259856,1.7890264048715,0,0,0.137579342706073,0,0,0,1,2,3,1,"VERY LOW"
"CD008552_pub8",15,2064,0.886685754304493,0.596870630227207,1.31722284037874,79.5862665078281,0.40159869349091,0.551466081013976,0,2,0,1,2,5,1,"VERY LOW"
"CD008564_pub3",56,41797,0.907094005025283,0.835947257158462,0.98429599105298,20.0229120592927,0.0181465571915564,0.0192929165610701,0,0,0,0,2,2,2,"LOW"
"CD008628_pub3",4,209,9.0315615148637,2.50479920043494,32.5651267305592,97.3878505942712,1.65487625614172,0.000770311727153861,0,2,0,1,0,3,1,"VERY LOW"
"CD008688_pub3",3,515,0.960391464772176,0.805879367771406,1.14452832830047,0.00198153622078494,6.40097722882369e-07,0.651564278951325,0,0,0,2,0,2,2,"LOW"
"CD008709_pub4",27,4092,0.985204904969014,0.963382230355217,1.00752190998698,2.7631765935718,9.80313276052797e-05,0.192138753374764,0,0,0,1,0,1,3,"MODERATE"
"CD008858_pub5",7,190431,0.264018859049378,0.135247710861226,0.515394733780439,97.6363088482005,0.730909191323414,9.53402675723505e-05,0,2,0,0,0,2,2,"LOW"
"CD008873_pub5",3,1513,0.547463756192556,0.262057943595622,1.14370341242909,0,0,0.108982463993829,0,0,0,2,0,2,2,"LOW"
"CD008879_pub3",20,2063,0.781179862887527,0.675649661073942,0.903192902089225,0.00170667759899508,1.94274804856476e-06,0.000852767291846256,0,0,0,0,0,0,4,"HIGH"
"CD008940_pub4",26,1519,1.03445473247376,0.927157392672923,1.1541692942256,3.5094726823088,0.00309723268607594,0.544314285412855,0,0,0,2,1,3,1,"VERY LOW"
"CD008973_pub3",10,834,2.85905907921936,1.77658868179485,4.60107559066988,78.8455460155585,0.361778434370635,1.50880886446074e-05,0,2,0,1,2,5,1,"VERY LOW"
"CD009102_pub2",3,1124,0.738440954632535,0.473242604545954,1.15225264640276,0,0,0.181645353112885,0,0,0,2,0,2,2,"LOW"
"CD009235_pub4",4,252,1.07158965966327,0.432460751860338,2.65528003121098,96.4655891366496,0.825848278602505,0.881277926326036,0,2,0,2,0,4,1,"VERY LOW"
"CD009244_pub3",9,5067,1.03889408960466,0.622406317689484,1.73407772180415,73.0815856144426,0.407400911182926,0.883938785594248,0,1,0,1,0,2,2,"LOW"
"CD009252_pub2",2,152,0.469673,0.105436394547151,2.09218769170215,0,0,0.321448691929173,0,0,0,2,0,2,2,"LOW"
"CD009298_pub3",6,1002,0.931872894429756,0.829696088643745,1.04663274090202,0.00853786404064288,2.03779992752435e-06,0.233733897132386,0,0,0,2,0,2,2,"LOW"
"CD009362_pub4",54,12997,0.683035966078782,0.555475309052312,0.839889952540158,74.8069591799131,0.362941354130922,0.000301120927962992,0,1,0,0,0,1,3,"MODERATE"
"CD009417_pub3",3,196,0.87266137166184,0.142579504936652,5.34114541868467,2.35306048536382,0.0603613470083864,0.882846722611988,0,0,0,2,0,2,2,"LOW"
"CD009508_pub2",3,220,1.18576554614224,0.756677986280566,1.8581747532122,22.2276262463342,0.0435611429615373,0.457210119586836,0,0,0,2,0,2,2,"LOW"
"CD009531_pub3",8,1116,1.23258230398332,0.820993768290721,1.85051238483317,91.5609661485569,0.303092599386973,0.313151670007141,0,2,0,2,0,4,1,"VERY LOW"
"CD009535_pub3",2,30900,0.92483090364923,0.799243062205297,1.07015279930569,0,0,0.293970649667269,0,0,0,1,0,1,3,"MODERATE"
"CD009679_pub3",4,230,1.79803241091425,1.42060160664162,2.27574045783384,0.00137947562365003,1.1651710937929e-06,1.05791405080732e-06,0,0,0,1,0,1,3,"MODERATE"
"CD009730_pub3",2,120,3.14221709734111,0.10684500266509,92.4098276993988,96.9260119538745,5.77408215236616,0.50690350773345,0,2,0,2,0,4,1,"VERY LOW"
"CD009749_pub3",9,1433,1.34254629641758,0.888877011781617,2.02776147221072,26.2866118063911,0.0966363333251869,0.161481991870938,0,0,0,2,0,2,2,"LOW"
"CD009752_pub3",5,783,1.15020860340907,0.765574090609201,1.7280885646267,4.28735978481651,0.0185664679470949,0.500433181785173,0,0,0,2,0,2,2,"LOW"
"CD009788_pub3",4,462,1.16905227498982,0.625553661808797,2.18475776755441,40.2128936853631,0.168022777967358,0.624432231930426,0,1,0,2,0,3,1,"VERY LOW"
"CD009945_pub3",3,172,2.18026859183861,1.09598274068718,4.33726823980591,0,0,0.0263389594044469,0,0,0,1,0,1,3,"MODERATE"
"CD010001_pub4",38,4030,1.33845082863974,1.20621236188741,1.48518675259077,0.00114065736742611,1.2529077627959e-06,3.96431012607642e-08,0,0,0,0,0,0,4,"HIGH"
"CD010145_pub2",4,237,2.11037312860242,0.931900964624715,4.77912880337097,38.1930640971943,0.259843230953469,0.0733123032246051,0,0,0,2,0,2,2,"LOW"
"CD010163_pub3",2,100,1.07141674417416,0.434195746561349,2.64381640950638,73.3149883304106,0.322179912342274,0.881010814677151,0,1,0,2,0,3,1,"VERY LOW"
"CD010189_pub3",6,1330,1.10881652842604,0.87552050155188,1.4042779027236,41.4320985359845,0.0329399557400662,0.391431548869332,0,1,0,2,0,3,1,"VERY LOW"
"CD010216_pub9",43,18450,1.43679806054435,1.24192785180239,1.6622452453965,58.6651837053269,0.0960533019693016,1.09584114630481e-06,0,1,0,0,2,3,1,"VERY LOW"
"CD010290_pub4",9,1265,1.22592186297059,1.05472605380801,1.42490498711321,0.00104431152422467,1.53091793322647e-06,0.00794734184596988,0,0,0,1,0,1,3,"MODERATE"
"CD010441_pub3",6,799,0.764936185235857,0.611446510602311,0.956955935371681,84.3384361192977,0.0624365683170853,0.0190249265627877,0,2,0,1,0,3,1,"VERY LOW"
"CD010533_pub3",21,11332,0.764409063402492,0.609724839377182,0.958335922165718,9.85149101655835,0.0267366295039167,0.0198631934270373,0,0,0,0,0,0,4,"HIGH"
"CD010583_pub6",7,1620,0.716383375813796,0.338824044238793,1.5146656498223,0,0,0.382595535046307,0,0,0,2,0,2,2,"LOW"
"CD010856_pub3",6,7090,2.14889929326465,1.83430311833999,2.51745097439092,20.1180615650695,0.00784681663611609,2.74871403260613e-21,0,0,0,0,0,0,4,"HIGH"
"CD010861_pub3",9,1360,0.663614978191005,0.352913938779117,1.24785334578433,89.0985251714456,0.641469523258017,0.203112010901018,0,2,0,2,0,4,1,"VERY LOW"
"CD010966_pub4",36,4058,12.4126998627604,9.66685718492273,15.9384911699411,89.8480986480183,0.334256009501532,8.78097967522326e-87,0,2,0,0,2,4,1,"VERY LOW"
"CD011039_pub2",2,130,0.87540454161325,0.554471895164254,1.38209550053045,57.7391453712618,0.06272259608732,0.567915037229269,0,1,0,2,0,3,1,"VERY LOW"
"CD011044_pub3",52,11382,0.862720316388674,0.799541433206296,0.93089152531478,69.0960263051575,0.0468435794025131,0.000141471346483581,0,1,0,0,0,1,3,"MODERATE"
"CD011120_pub3",19,4145,1.26740848057048,1.06076279260452,1.5143105205245,0.00213928875845997,3.49450999709832e-06,0.00906521608521888,0,0,0,0,1,1,3,"MODERATE"
"CD011197_pub3",3,842,1.06236255015503,0.756472684806045,1.49194308088107,0,0,0.726965872430213,0,0,0,2,0,2,2,"LOW"
"CD011204_pub3",60,27452,2.47816480326625,2.12643719579402,2.88807062079934,74.6442797379892,0.230524179514013,3.24694133035263e-31,0,1,0,0,0,1,3,"MODERATE"
"CD011218_pub2",10,1747,0.807466424192842,0.431744759374763,1.51015620234274,87.277168476249,0.856617243632208,0.503174878987594,0,2,0,2,0,4,1,"VERY LOW"
"CD011381_pub3",70,52798,1.03658104937135,0.877117510986477,1.22503570896373,94.1843379885353,0.36070541490508,0.673344948457329,0,2,0,1,2,5,1,"VERY LOW"
"CD011468_pub2",3,200,0.432999673716708,0.254707531737815,0.736094123952991,0,0,0.00198969825958482,0,0,0,1,0,1,3,"MODERATE"
"CD011535_pub7",62,24685,1.2621099124777,1.16304422863621,1.36961380483556,94.7275790748312,0.0692504456520504,2.38378444598071e-08,0,2,0,0,2,4,1,"VERY LOW"
"CD011575_pub3",4,16732,1.1298668059525,0.789751696377177,1.61645616596893,71.0886462480404,0.0931965336945459,0.503990348630008,0,1,0,1,0,2,2,"LOW"
"CD011600_pub3",9,29262,0.745044401715817,0.718403419186927,0.772673327691452,0,0,1.5945095272242e-56,0,0,0,0,0,0,4,"HIGH"
"CD011624_pub3",2,1491,1.16154468725305,0.800067821251334,1.68633961352877,0,0,0.431108586916644,0,0,0,2,0,2,2,"LOW"
"CD011626_pub3",2,30,6.92,4.55798698942423,10.5060413974655,0,0,1.08003208089081e-19,0,0,0,1,0,1,3,"MODERATE"
"CD011627_pub3",18,1148,0.743776519884465,0.490505332475545,1.12782364411711,64.4238487580464,0.471770299681098,0.163418945493781,0,1,0,2,1,4,1,"VERY LOW"
"CD011670_pub3",4,186,0.982912762309584,0.227260619402188,4.2511434706657,74.4901055705339,1.4004259195559,0.981596513632547,0,1,0,2,0,3,1,"VERY LOW"
"CD011671_pub3",16,3078,0.779266198893304,0.708818913545286,0.856715018650278,0.00800395524148886,3.1200558818599e-06,2.48268694375203e-07,0,0,0,0,0,0,4,"HIGH"
"CD011689_pub4",15,152175,1.1602455352855,0.631526632374596,2.13161192757337,0,0,0.631976277120184,0,0,0,1,0,1,3,"MODERATE"
"CD011762_pub2",194,313617,0.830208493802264,0.744744276910628,0.925480281688874,3.59058190869543,0.0194034357359275,0.000787333977749734,0,0,0,0,2,2,2,"LOW"
"CD011778_pub2",23,854,0.702220132083467,0.514872025602767,0.957739184462446,97.119574085166,0.491119527299156,0.0255675039122185,0,2,0,1,0,3,1,"VERY LOW"
"CD011793_pub3",10,985,0.882432497110081,0.38824845149616,2.00564125614712,0,0,0.765262503680957,0,0,0,2,0,2,2,"LOW"
"CD011800_pub2",2,107,13.3415586174653,8.60097547023642,20.69499988219,0,0,6.03644729661104e-31,0,0,0,1,0,1,3,"MODERATE"
"CD011806_pub2",3,157,1.54210062589683,0.314468375426915,7.56220506167898,79.960619814183,1.38525293371355,0.593386786466868,0,2,0,2,0,4,1,"VERY LOW"
"CD011841_pub3",8,337,0.235077696657282,0.115774730320159,0.47731938837495,77.7596406277978,0.603796540752066,6.15949297817161e-05,0,2,0,1,0,3,1,"VERY LOW"
"CD011851_pub3",4,1654,0.828059210892148,0.473665464006134,1.44760829920766,0,0,0.507957198652182,0,0,0,2,0,2,2,"LOW"
"CD011858_pub2",18,1052,1.17509726002457,0.493441746653901,2.79841253781426,98.655299453209,2.69507104801327,0.715509932085756,0,2,0,2,0,4,1,"VERY LOW"
"CD011866_pub3",46,5662,0.841204725962645,0.766950275331001,0.922648330332094,46.4807955846524,0.0362313170204458,0.000244947977602997,0,1,0,0,0,1,3,"MODERATE"
"CD011885_pub2",12,1330,1.37822300835525,1.05342693858458,1.80316127410983,23.585684299352,0.0442933922493047,0.0193045708133261,0,0,0,1,0,1,3,"MODERATE"
"CD012079_pub2",27,4360,0.869879171373934,0.732032801543522,1.03368287759058,38.5910784479731,0.054740649946587,0.113272940205067,0,0,0,1,1,2,2,"LOW"
"CD012152_pub4",2,2548,0.865185182975735,0.787496775219605,0.95053773475074,0,0,0.0025548106059674,0,0,0,0,0,0,4,"HIGH"
"CD012170_pub2",9,2735,0.894211218661664,0.496412253177462,1.61078558891761,88.3832165766365,0.651521252012751,0.709615959957693,0,2,0,1,0,3,1,"VERY LOW"
"CD012178_pub2",4,532,0.895210497017136,0.650002329865407,1.23292147912087,0,0,0.497873305676969,0,0,0,2,0,2,2,"LOW"
"CD012186_pub2",89,54797,1.00559536076321,0.949585423716229,1.06490896377816,14.6117402507932,0.00957471627886066,0.848659363280218,0,0,0,1,2,3,1,"VERY LOW"
"CD012214_pub3",7,387,3.50469599840771,1.94125407140467,6.32729853458454,0,0,3.17206893210596e-05,0,0,0,1,0,1,3,"MODERATE"
"CD012335_pub2",2,740,1.12246199856346,0.435506672947419,2.89300030626901,0,0,0.810982694507154,0,0,0,2,0,2,2,"LOW"
"CD012397_pub2",2,0,0.590019,0.443845282808905,0.784332815610619,0,0,0.000280682161055454,0,0,0,1,0,1,3,"MODERATE"
"CD012426_pub2",5,2696,0.936094219213237,0.88039978006672,0.995311910661805,0.0241637451765332,1.27862452313702e-06,0.0348453600632886,0,0,0,0,0,0,4,"HIGH"
"CD012429_pub2",8,672,0.970697989962201,0.675531700895678,1.39483400478073,0,0,0.872255875770204,0,0,0,2,0,2,2,"LOW"
"CD012503_pub3",80,36402,1.04233465652396,0.996088275987433,1.09072816374021,14.6756468794743,0.0034114845171419,0.0733370782676166,0,0,0,1,0,1,3,"MODERATE"
"CD012532_pub2",7,2219,1.12574058916122,1.0015424999058,1.26534008711987,14.1658917347945,0.00356776328193129,0.0470508272037446,0,0,0,0,0,0,4,"HIGH"
"CD012570_pub2",3,1932,0.341891531114492,0.0594674898670727,1.9656087605025,0,0,0.229093748390135,0,0,0,2,0,2,2,"LOW"
"CD012572_pub3",4,630,2.07601841014491,0.78922211051962,5.46088658923028,0.000442642033472121,5.50212757186907e-06,0.138793300147164,0,0,0,2,0,2,2,"LOW"
"CD012586_pub2",196,46284,0.983110617257262,0.94538842516513,1.02233797245311,21.2394251731776,0.0140098670499836,0.39349429773916,0,0,0,1,0,1,3,"MODERATE"
"CD012594_pub2",2,268,1.45608535743693,0.921410900646341,2.30101962832758,0,0,0.107523936489667,0,0,0,2,0,2,2,"LOW"
"CD012609_pub2",7,944,0.70591635302091,0.482542834103139,1.03269152963078,81.4839883871566,0.189392460810144,0.0727709820743118,0,2,0,2,0,4,1,"VERY LOW"
"CD012623_pub2",25,1807,1.05756779887159,1.02588471154028,1.09022937629205,15.0516814089065,0.000849938786641541,0.000310041328781261,0,0,0,1,0,1,3,"MODERATE"
"CD012635_pub2",7,3039,0.879528262169198,0.730420774851334,1.05907442749259,0.0113342499121578,8.95302677365896e-06,0.175601308910408,0,0,0,1,0,1,3,"MODERATE"
"CD012642_pub2",16,545,0.987893357633487,0.680677111688485,1.43376833053115,0.000312625505908256,1.82425379225503e-06,0.948896093568972,0,0,0,2,2,4,1,"VERY LOW"
"CD012693_pub3",21,7780,1.05594708046585,0.940777888451547,1.18521518249075,10.6400658531228,0.00743724216228639,0.355534557183714,0,0,0,1,0,1,3,"MODERATE"
"CD012712_pub2",44,11724,1.20196454116462,0.989557083505697,1.45996505133274,0,0,0.0637123050844388,0,0,0,1,2,3,1,"VERY LOW"
"CD012718_pub2",9,1183,0.776089430066035,0.323445108182193,1.86218554006062,84.35310923589,1.35504094136785,0.570267607811228,0,2,0,2,0,4,1,"VERY LOW"
"CD012757_pub2",3,234,0.862186587508693,0.789221576602271,0.941897350146201,0,0,0.00101325236523709,0,0,0,1,0,1,3,"MODERATE"
"CD012850_pub2",4,140,0.969360238837692,0.30526034129885,3.07822257107267,63.4488330667109,0.792560390272364,0.957902087019276,0,1,0,2,0,3,1,"VERY LOW"
"CD012891_pub2",19,1739,0.767059519709523,0.553365309341305,1.06327645922976,87.7948871122856,0.391846024973568,0.111444676689743,0,2,0,2,1,5,1,"VERY LOW"
"CD012905_pub2",24,3358,0.809306090949668,0.684309294308332,0.957134959726437,35.1320057491039,0.0512248604688092,0.0134421124505478,0,0,0,0,0,0,4,"HIGH"
"CD012925_pub2",13,51458,0.37031985328183,0.183776271082405,0.746215999089371,98.5385912035288,1.56391878260778,0.00545408929494113,0,2,0,0,0,2,2,"LOW"
"CD012942_pub2",229,74454,1.31230738753059,1.23301396884813,1.39670005602303,84.4280408888979,0.134350089495402,1.26202144089238e-17,0,2,0,0,0,2,2,"LOW"
"CD012993_pub2",4,207,25.492487004997,11.9645876359964,54.315862232039,5.17945373467399e-06,4.18156628439462e-08,4.81986958863892e-17,0,0,0,1,0,1,3,"MODERATE"
"CD012997_pub3",4,545,0.797700694655053,0.388219170118849,1.63909061486673,0,0,0.538460936505166,0,0,0,2,0,2,2,"LOW"
"CD013023_pub2",14,1348,0.892993151751993,0.654539372886636,1.21831749488059,23.9469805111155,0.0744336398186735,0.475180206055518,0,0,0,2,0,2,2,"LOW"
"CD013051_pub3",12,1179,1.76826312471239,1.4417461865035,2.16872741366535,79.3031492181577,0.0818951237584081,4.43432293876305e-08,0,2,0,1,2,5,1,"VERY LOW"
"CD013052_pub3",17,1669,1.03239281311266,0.979015642169516,1.08868017492015,0.00655415438589763,1.22469847794109e-06,0.239195351133511,0,0,0,2,2,4,1,"VERY LOW"
"CD013053_pub3",6,441,1.63350690643874,1.39217419046808,1.91667453085444,5.95939578955706,0.0025455707271384,1.78114762412873e-09,0,0,0,1,0,1,3,"MODERATE"
"CD013054_pub3",22,2073,1.01704569568914,0.868037478868838,1.19163281805268,87.9030072660637,0.111093133186398,0.834360897217915,0,2,0,1,2,5,1,"VERY LOW"
"CD013055_pub3",6,831,2.12049617286154,1.71028390055195,2.62909802148599,0,0,7.25461601372374e-12,0,0,0,1,0,1,3,"MODERATE"
"CD013056_pub3",9,1108,0.807017035608777,0.600197234316179,1.08510412665396,91.9532905350176,0.178114640270852,0.155802635720433,0,2,0,2,0,4,1,"VERY LOW"
"CD013057_pub3",2,297,1.08298783332512,0.916246981858809,1.28007258998095,0,0,0.349994817384221,0,0,0,2,0,2,2,"LOW"
"CD013071_pub2",2,249,3.50027041640122,1.89274051802569,6.4730970099977,0,0,6.49687656292086e-05,0,0,0,1,0,1,3,"MODERATE"
"CD013105_pub2",14,1635,0.894743182365162,0.70997916783372,1.12758993314073,0,0,0.345965323421989,0,0,0,2,2,4,1,"VERY LOW"
"CD013111_pub2",4,137,1.69418563500926,1.03952895174525,2.76112075671667,0,0,0.034381587726373,0,0,0,1,0,1,3,"MODERATE"
"CD013158_pub2",2,506,1.14745287329958,0.287153038456195,4.58517905128946,74.6467945443964,0.746274408609043,0.845699871278534,0,1,0,2,0,3,1,"VERY LOW"
"CD013166_pub3",24,1394,4.96102270871594,4.18700885528399,5.87812139096275,65.2582330522958,0.100530954171313,1.83241476079545e-76,0,1,0,1,2,4,1,"VERY LOW"
"CD013197_pub2",4,502,2.103531400308,0.694503555888333,6.37123354454532,0,0,0.188437261997125,0,0,0,2,0,2,2,"LOW"
"CD013232_pub2",7,249,0.885498142348359,0.549872146358973,1.42598050345781,0,0,0.616907564587818,0,0,0,2,0,2,2,"LOW"
"CD013255_pub2",49,5861,1.47423862524221,1.25980306672602,1.72517402247973,94.2643864638782,0.21769074711921,1.29938145455476e-06,0,2,0,0,2,4,1,"VERY LOW"
"CD013278_pub3",17,2163,1.13327568651506,0.918176483173168,1.39876571136701,0,0,0.243993479375527,0,0,0,1,1,2,2,"LOW"
"CD013284_pub2",5,980,0.975283763410544,0.858009000327491,1.10858792717697,0,0,0.701806961183528,0,0,0,2,0,2,2,"LOW"
"CD013294_pub2",10,407,14.4584521055754,10.7051013389345,19.5277775212563,61.346789619129,0.112780872544544,5.82675758048447e-68,0,1,0,1,2,4,1,"VERY LOW"
"CD013295_pub2",166,13576,0.639690408529897,0.570236597821396,0.717603570743303,51.0292551664242,0.166435355030896,2.55703236667759e-14,0,1,0,0,0,1,3,"MODERATE"
"CD013303_pub2",6,909,2.20419828241863,0.702300302759629,6.91796664350877,95.7693379097523,1.85681601819615,0.175606772243148,0,2,0,2,0,4,1,"VERY LOW"
"CD013332_pub2",35,10014,0.631835083403269,0.520426031867343,0.767093781198434,24.4402900602142,0.0652710571155446,3.49990572650024e-06,0,0,0,0,2,2,2,"LOW"
"CD013344_pub2",14,2401,0.609929696836637,0.336095966185331,1.10686908654564,51.0443303826858,0.420587351198908,0.103936474057166,0,1,0,1,2,4,1,"VERY LOW"
"CD013358_pub2",2,311,0.917603442221605,0.594812185802979,1.41556628676036,0,0,0.697444751816694,0,0,0,2,0,2,2,"LOW"
"CD013366_pub2",13,3062,0.563853441097279,0.33899850495361,0.937852817612721,0,0,0.0273024249822242,0,0,0,0,0,0,4,"HIGH"
"CD013377_pub2",9,1879,0.933527205295443,0.721988168433861,1.20704615550297,83.1641155300088,0.117868639472244,0.599815252587231,0,2,0,2,0,4,1,"VERY LOW"
"CD013396_pub2",14,5088,0.783103196003474,0.675835528221714,0.907396237668157,0.00255770378878287,2.17565535681131e-06,0.00114228645128246,0,0,0,0,2,2,2,"LOW"
"CD013408_pub2",5,4664,0.641380300039836,0.459041387304569,0.896147277034634,36.637705333369,0.0520544799216073,0.00925385987865727,0,0,0,0,0,0,4,"HIGH"
"CD013414_pub2",6,6473,0.98421904973441,0.781124172875798,1.2401192684817,0,0,0.892690966406645,0,0,0,1,0,1,3,"MODERATE"
"CD013421_pub2",24,3263,0.521697695656247,0.420456910455141,0.647316000487226,47.127959857898,0.0987305588414236,3.39740827930617e-09,0,1,0,0,2,3,1,"VERY LOW"
"CD013425_pub2",11,6085,0.822920840008143,0.7235341269591,0.935959595666713,67.2104954167063,0.028919639451408,0.0029992146555116,0,1,0,0,2,3,1,"VERY LOW"
"CD013429_pub2",16,960,3.3873242433468,3.07447611371775,3.73200672412781,39.8953182331668,0.0137580965743284,1.9203889007162e-134,0,0,0,1,1,2,2,"LOW"
"CD013445_pub2",39,4088,1.1126051702821,1.0732823615648,1.15336868401869,47.6489679990776,0.00463172534094878,6.1638705374436e-09,0,1,0,0,2,3,1,"VERY LOW"
"CD013456_pub2",2,176,0.420072564857429,0.117167264296425,1.50606025330988,0,0,0.183058003260722,0,0,0,2,0,2,2,"LOW"
"CD013462_pub3",50,7739,1.38657237949431,1.09467703919326,1.75630153437164,56.3805488475279,0.325245181484528,0.00672670546449312,0,1,0,0,0,1,3,"MODERATE"
"CD013474_pub2",7,1634,0.866225736159347,0.711660695254395,1.0543606398223,0,0,0.152109372839004,0,0,0,2,0,2,2,"LOW"
"CD013539_pub2",9,4941,0.977184138927998,0.90753719452177,1.05217598478224,0.0156870386088015,2.07550190472081e-06,0.540667386494137,0,0,0,1,0,1,3,"MODERATE"
"CD013541_pub2",32,2051,0.975308947446108,0.783990287416217,1.21331546861809,47.9710348109611,0.151121476420967,0.822437234237497,0,1,0,1,0,2,2,"LOW"
"CD013561_pub2",2,120,0.466525348485527,0.0226740806128311,9.59888537471184,63.6368736653556,3.04010833884416,0.621192285315667,0,1,0,2,0,3,1,"VERY LOW"
"CD013571_pub2",7,840,1.24773183931128,1.07185236114306,1.4524712537563,51.9926406764521,0.017489499841567,0.00430228439424986,0,1,0,1,0,2,2,"LOW"
"CD013590_pub2",16,937,0.858536386254858,0.731852743628341,1.00714895577117,15.0061666445949,0.0133361319098816,0.0611311881291819,0,0,0,2,0,2,2,"LOW"
"CD013595_pub2",21,11871,1.13809834715664,0.858407469526308,1.50891959096702,99.3584095661894,0.388380352032613,0.368664812122192,0,2,0,1,1,4,1,"VERY LOW"
"CD013614_pub2",32,9482,3.04057257788055,2.16442813698834,4.27137378384995,95.0196336221618,0.771484214904362,1.429662263072e-10,0,2,0,0,2,4,1,"VERY LOW"
"CD013631_pub2",3,133,4.19462181428924,1.09702363857713,16.0387174407036,85.3735434112362,1.15699073030127,0.0361421640588656,0,2,0,1,0,3,1,"VERY LOW"
"CD013643_pub2",3,196,1.42664486484925,0.859643177922847,2.36762836333869,61.5629495961222,0.123311799643442,0.169184518967822,0,1,0,2,0,3,1,"VERY LOW"
"CD013672_pub2",13,2473,1.22081955382502,1.04045750837113,1.43244714081094,68.0569241168174,0.043023011963835,0.0144346357305138,0,1,0,0,0,1,3,"MODERATE"
"CD013707_pub2",6,506,1.42924986768923,0.920530971943145,2.21910532784969,0.000500423277191992,2.88932280201268e-06,0.111586004340377,0,0,0,2,0,2,2,"LOW"
"CD013715_pub2",6,353,2.11692828594147,1.53978071397953,2.91040492138458,0.275288486581254,0.000489563165231123,3.88021702950798e-06,0,0,0,1,0,1,3,"MODERATE"
"CD013719_pub2",18,2397,1.80961151918624,1.04680289335071,3.12828123725335,85.0450522610477,0.846869001999133,0.033688058909766,0,2,0,0,2,4,1,"VERY LOW"
"CD013729_pub2",2,798,2.98306683314943,0.311781866881387,28.5413895940958,0,0,0.342854666435844,0,0,0,2,0,2,2,"LOW"
"CD013731_pub2",6,364,0.924662764834828,0.506487525197969,1.68809928405995,70.1227059787694,0.373046950001605,0.798688032564712,0,1,0,2,0,3,1,"VERY LOW"
"CD013745_pub2",9,13350,1.32466028892403,1.05155930363878,1.66868846576727,6.31034255029343,0.00824684895844892,0.0169963638503459,0,0,0,0,0,0,4,"HIGH"
"CD013748_pub2",16,861,0.792516686549583,0.670693765974739,0.936467178201245,0,0,0.00631707464670073,0,0,0,1,0,1,3,"MODERATE"
"CD013757_pub3",6,3437,0.49675832944356,0.382205506649616,0.645644381303432,0,0,1.68471673781133e-07,0,0,0,0,0,0,4,"HIGH"
"CD013763_pub3",5,323,0.925500738773903,0.417413384275043,2.05204636396288,87.1739236496485,0.663420656486849,0.848861491100888,0,2,0,2,0,4,1,"VERY LOW"
"CD013764_pub2",6,5906,0.998022104196866,0.988690513519274,1.00744176953825,0.450068707575535,7.92954142121309e-07,0.679547067630512,0,0,0,1,0,1,3,"MODERATE"
"CD013773_pub2",3,1776,0.160243255433914,0.0728597849514332,0.352428996725352,0,0,5.27565502890104e-06,0,0,0,1,0,1,3,"MODERATE"
"CD013774_pub2",5,3541,0.857782067792748,0.74072941069833,0.99333179592954,69.8574574390935,0.0195613054935735,0.0404249097329031,0,1,0,0,0,1,3,"MODERATE"
"CD013781_pub2",57,9213,0.697853170647915,0.582919567355931,0.835448104774267,51.935546995031,0.143120680524944,8.92416743034895e-05,0,1,0,0,2,3,1,"VERY LOW"
"CD013800_pub2",2,146,1.99717179856636,0.82089725381763,4.85894571389917,62.27859698441,0.275982695344648,0.12727774500508,0,1,0,2,0,3,1,"VERY LOW"
"CD013816_pub2",5,1827,0.882507516250345,0.224920674393476,3.46264085477481,0,0,0.857776913776349,0,0,0,2,0,2,2,"LOW"
"CD013822_pub2",5,1684,0.506876846306634,0.28173597059278,0.91193232011228,83.2201490203591,0.350930755722275,0.0233495833906665,0,2,0,1,0,3,1,"VERY LOW"
"CD013823_pub2",2,284,1.07769168750898,0.937493140752634,1.23885639567831,0,0,0.292682255056296,0,0,0,2,0,2,2,"LOW"
"CD013827_pub2",7,1820,1.12868683303331,0.906403378413236,1.4054823684494,15.5198943743246,0.0135819041117711,0.279339414234983,0,0,0,2,0,2,2,"LOW"
"CD013830_pub2",5,1907,0.870986722703425,0.785595033510993,0.965660217752686,0.00705649997077012,1.19053848867352e-06,0.00869687699866105,0,0,0,1,0,1,3,"MODERATE"
"CD013834_pub2",5,157,4.56470554803022,3.07298290283116,6.78055732787222,25.8470596509203,0.0521353939815003,5.44910249965758e-14,0,0,0,1,0,1,3,"MODERATE"
"CD013835_pub2",2,0,0.813382429742209,0.71693658246737,0.922802648368763,0,0,0.00133841697286376,0,0,0,1,0,1,3,"MODERATE"
"CD013844_pub2",12,9650,0.609559326752261,0.240700092140457,1.54367441045204,92.6896393800214,1.85401505563671,0.296401466586053,0,2,0,1,0,3,1,"VERY LOW"
"CD013853_pub2",3,150,1.05330723739846,0.473968931640594,2.34077818669615,6.83728500094701e-06,4.03130731622091e-08,0.898566873704364,0,0,0,2,0,2,2,"LOW"
"CD013874_pub3",19,7084,0.60603349485341,0.439778054597788,0.835140801239257,80.8957239293564,0.296284729285762,0.00220480935279755,0,2,0,0,2,4,1,"VERY LOW"
"CD013875_pub2",3,299,0.971838282891805,0.569733999282514,1.65773790801233,0,0,0.916499122568317,0,0,0,2,0,2,2,"LOW"
"CD014040_pub2",16,7313,1.16837699901634,1.0629080251274,1.28431132286052,83.4094226932575,0.023865906844199,0.00126443685628452,0,2,0,0,2,4,1,"VERY LOW"
"CD014145_pub2",7,171,0.569833080775404,0.320968824622267,1.01165507375404,8.8567626750583,0.0564267130228172,0.0548033184167405,0,0,0,2,0,2,2,"LOW"
"CD014428_pub2",2,152,8.46933478253298,3.75330987731911,19.1110337284108,0,0,2.66867679801391e-07,0,0,0,1,0,1,3,"MODERATE"
"CD014541_pub2",4,24773,0.463524660712379,0.233353375702301,0.92072853217528,76.7741197264524,0.313371550833412,0.0281015037178664,0,2,0,0,0,2,2,"LOW"
"CD014573",3,256628,0.517566183103445,0.363916975629963,0.736087546970186,65.4685351437923,0.0627894205703844,0.000247241697921696,0,1,0,0,0,1,3,"MODERATE"
"CD014580_pub2",6,922,1.33706288522658,0.951260388992319,1.87933522696577,70.8408396728997,0.106940347292831,0.0944598600971481,0,1,0,2,0,3,1,"VERY LOW"
"CD014585_pub2",18,10316,0.652454315147098,0.518287451944542,0.821352382267629,95.6178565453124,0.17901420732401,0.000277370611972189,0,2,0,0,0,2,2,"LOW"
"CD014594_pub2",24,14988,0.980895975666486,0.601954749453045,1.59838744681881,93.90539097762,1.22297013015152,0.938284192092543,0,2,0,1,0,3,1,"VERY LOW"
"CD014617_pub3",4,971,1.18499233415103,1.01555394304871,1.3827003888944,0.00457631012570989,1.33740932580599e-06,0.0310796862212195,0,0,0,1,0,1,3,"MODERATE"
"CD014624_pub2",80,7756,1.24414616370747,1.17617558427652,1.31604472781175,13.5158930190526,0.00810720279517229,2.51613438244587e-14,0,0,0,0,2,2,2,"LOW"
"CD014678_pub2",40,123202,0.991435895301716,0.875159804307859,1.1231607412204,49.3239437890462,0.0541651348614924,0.892504232558454,0,1,0,1,0,2,2,"LOW"
"CD014687_pub2",8,528,1.22492737643834,0.856119560529429,1.75261394170252,43.1521554395926,0.083933992829885,0.266979649614138,0,1,0,2,0,3,1,"VERY LOW"
"CD014688_pub2",4,668,0.424401736848688,0.106993445983682,1.68343801420934,99.248784372178,1.95694251377409,0.222791662722467,0,2,0,2,0,4,1,"VERY LOW"
"CD014713_pub2",7,5666,1.05744222657783,1.00867947371386,1.10856232498996,0.00271841324472681,5.33439932424731e-07,0.0204069534815261,0,0,0,0,0,0,4,"HIGH"
"CD014722_pub2",10,2296,0.392112040690463,0.226897266751451,0.677627609427589,72.1463689559107,0.459281395599001,0.000795679972320065,0,1,0,0,0,1,3,"MODERATE"
"CD014736_pub2",4,215,300.618049110229,180.950481316523,499.425095713123,0,0,1.44479374385258e-107,0,0,0,1,0,1,3,"MODERATE"
"CD014741_pub2",22,14689,1.08133555339394,0.860904850403011,1.35820651781252,22.4846777989396,0.0404447963990028,0.501384605343508,0,0,0,1,0,1,3,"MODERATE"
"CD014758_pub3",61,11275,0.434734453477794,0.37720380791377,0.501039600013371,91.3670632483948,0.221917573789519,1.28757078854916e-30,0,2,0,0,2,4,1,"VERY LOW"
"CD014762_pub2",5,1628,0.721584549525716,0.52641963517327,0.9891049408574,78.7301043394594,0.0912367851585729,0.0425513044516582,0,2,0,1,0,3,1,"VERY LOW"
"CD014763_pub2",15,1260,0.182581711490089,0.119308893831776,0.279409860405323,0,0,4.73764001874563e-15,0,0,0,1,2,3,1,"VERY LOW"
"CD014769_pub2",27,122601,0.84596732143857,0.720086706219131,0.993853521750983,22.1265416634802,0.032367688898165,0.0418501917506237,0,0,0,0,0,0,4,"HIGH"
"CD014792_pub2",3,663,1.12061300977288,0.773038501049114,1.62446439080068,1.28936369474583,0.00226971321336576,0.547761024288035,0,0,0,2,0,2,2,"LOW"
"CD014802_pub2",2,508,1.0814773150851,0.889098454550084,1.31548219104209,0,0,0.433170035511019,0,0,0,2,0,2,2,"LOW"
"CD014803_pub2",5,228,0.935962778152496,0.461156942693489,1.8996273090248,0,0,0.854601004770669,0,0,0,2,0,2,2,"LOW"
"CD014820_pub2",126,35695,0.98865278067412,0.954777487750147,1.02372996145721,0,0,0.521162838442477,0,0,0,1,2,3,1,"VERY LOW"
"CD014833_pub2",2,90,0.686129393106784,0.335689420309618,1.40240804625559,0,0,0.301708872810236,0,0,0,2,0,2,2,"LOW"
"CD014844_pub2",6,4371,0.780148281254218,0.480152581902869,1.26757902317608,47.5059922959887,0.146952531340382,0.316084094207794,0,1,0,1,0,2,2,"LOW"
"CD014852_pub2",11,5371,0.943603483214404,0.44871477475307,1.98430625339747,93.8975443614641,1.17353385374003,0.878346539978931,0,2,0,1,2,5,1,"VERY LOW"
"CD014855_pub2",18,1743,1.00597803673553,0.695460224348132,1.45513974051189,37.421569263205,0.225337930172939,0.974753904113054,0,0,0,2,0,2,2,"LOW"
"CD014861_pub2",2,130,1.53748589686498,0.309130403943705,7.64681458990097,0,0,0.599185719357653,0,0,0,2,0,2,2,"LOW"
"CD014869_pub2",8,1364,0.984194165757499,0.952529684809496,1.01691125364227,0.0222029363302761,7.56669340998894e-07,0.339631332679958,0,0,0,2,0,2,2,"LOW"
"CD014872_pub2",35,8911,0.616922294908882,0.560590848110811,0.678914254912006,59.9092317361953,0.0445661377688462,4.73711719686519e-23,0,1,0,0,0,1,3,"MODERATE"
"CD014889_pub2",5,366,0.458285228177522,0.271769360057173,0.772807318387695,0,0,0.0034256956264131,0,0,0,1,0,1,3,"MODERATE"
"CD014891_pub2",2,254,1.05642825436803,0.879237634792917,1.26932766804272,0,0,0.557854910197981,0,0,0,2,0,2,2,"LOW"
"CD014914_pub2",40,5036,1.06314929078031,0.961616541084371,1.17540242518301,52.4560876026966,0.0338337762372465,0.231801202937303,0,1,0,1,0,2,2,"LOW"
"CD014920_pub2",2,888,0.293776377971917,0.0217723500919032,3.96395243921756,71.6317152533406,2.72076195047085,0.356194474919305,0,1,0,2,0,3,1,"VERY LOW"
"CD014923_pub2",7,471,2.6838328312672,0.770125375638629,9.35296887239256,88.0837381562117,2.27458269521797,0.121159241331295,0,2,0,2,0,4,1,"VERY LOW"
"CD014935_pub2",3,123,1.03659011983087,0.38348969671369,2.80195031506465,0,0,0.943529970633755,0,0,0,2,0,2,2,"LOW"
"CD014937_pub2",43,6668,0.783184781514643,0.660389664099925,0.928812843902003,79.2624379278743,0.166002331845307,0.00497365301653807,0,2,0,0,2,4,1,"VERY LOW"
"CD014941_pub2",2,605,2.17993490030669,1.66870837439921,2.84778109972993,0,0,1.09433034655772e-08,0,0,0,1,0,1,3,"MODERATE"
"CD014944_pub2",11,1210,0.967556012653608,0.790108736388926,1.18485544394908,62.8413648581887,0.0532684296563801,0.74967272769599,0,1,0,2,0,3,1,"VERY LOW"
"CD014959_pub2",2,919,0.716442897224538,0.086841277223236,5.91067337326251,52.0249431527868,1.39692749879828,0.756774273850046,0,1,0,2,0,3,1,"VERY LOW"
"CD014960_pub2",5,715,1.51379167153294,0.812748214611341,2.8195266179678,0,0,0.191343893702311,0,0,0,2,0,2,2,"LOW"
"CD014964_pub2",74,8161,1.32243482663887,1.126400693386,1.55258593232069,92.0233186046051,0.302576525140868,0.000640118833204658,0,2,0,0,2,4,1,"VERY LOW"
"CD014965_pub2",4,154,3.82231177140236,1.23984762938261,11.7837603037368,78.1079473512863,0.941927352665612,0.0195816242540413,0,2,0,1,0,3,1,"VERY LOW"
"CD014966_pub2",79,179498,0.908460959813452,0.847199156582182,0.974152664214936,89.1434864297814,0.0591822761936179,0.00703518425951874,0,2,0,0,0,2,2,"LOW"
"CD014967_pub2",13,1199,0.994456614866408,0.711924843917999,1.38911286394925,87.3762950358006,0.292565675093039,0.973994632193395,0,2,0,2,0,4,1,"VERY LOW"
"CD014999_pub2",4,685,0.697932581947796,0.409374468908214,1.18988829528969,0.000153862231635551,5.50455756948752e-07,0.186415736210549,0,0,0,2,0,2,2,"LOW"
"CD015003_pub2",9,1277,0.776847815770901,0.582112072441297,1.03672910671146,39.406486231333,0.0612936259525944,0.0863427149837044,0,0,0,2,0,2,2,"LOW"
"CD015014_pub2",7,1276,1.00570024885514,0.842912502709902,1.19992643043685,0,0,0.94969224926937,0,0,0,2,0,2,2,"LOW"
"CD015033_pub2",3,351,3.44741730773578,0.569581936008015,20.8656302848568,0,0,0.177890481183498,0,0,0,2,0,2,2,"LOW"
"CD015038_pub2",8,2963,0.909768843738599,0.852696156847436,0.970661521564187,75.9949013233259,0.00522518066285563,0.00422502650137214,0,2,0,0,0,2,2,"LOW"
"CD015042_pub2",3,378,1.3383909292782,1.14265200298452,1.56766038557274,0,0,0.000302648258242045,0,0,0,1,0,1,3,"MODERATE"
"CD015046_pub2",3,98,0.85621193828297,0.610780090049003,1.20026650377465,0.00163056489713891,1.89744134423927e-06,0.367707103479049,0,0,0,2,0,2,2,"LOW"
"CD015060_pub2",7,377,0.967122889227784,0.665698039915926,1.40503145087587,44.9961980126987,0.0784936545702482,0.860739699134738,0,1,0,2,0,3,1,"VERY LOW"
"CD015064_pub2",12,8107,1.61354711705723,1.10204114264053,2.36246560879345,71.4872751212503,0.231470963724346,0.0139134034034344,0,1,0,0,0,1,3,"MODERATE"
"CD015066_pub2",3,421,8.38718058557579,7.49194855580402,9.38938617251492,0,0,1.60319175275529e-298,0,0,0,1,0,1,3,"MODERATE"
"CD015083_pub2",130,116588,0.941564580551982,0.898249211724845,0.986968702869955,62.6597157750014,0.0309823216450779,0.0122141279571218,0,1,0,0,1,2,2,"LOW"
"CD015084_pub2",4,201,2.51394719056125,0.861254481792848,7.33805235332397,83.5937631137416,0.920267193361772,0.0916595516922105,0,2,0,2,0,4,1,"VERY LOW"
"CD015087_pub2",9,403,0.811616726564528,0.60189812657473,1.0944073120612,6.22880897384442e-05,1.9270602561601e-07,0.171149724633447,0,0,0,2,0,2,2,"LOW"
"CD015101",12,629,1.00165033467497,0.532174744209585,1.88528937885738,93.1146595892385,1.02317215429516,0.995922499058158,0,2,0,2,2,6,1,"VERY LOW"
"CD015120_pub2",64,58623,1.04525583489633,0.925163314114502,1.18093718559359,20.2988452701906,0.0388447890736533,0.477197497907209,0,0,0,1,0,1,3,"MODERATE"
"CD015122_pub2",10,1753,0.450333083761961,0.293720463504441,0.69045201655652,21.6129393713679,0.0992400574424151,0.000253390192149477,0,0,0,1,0,1,3,"MODERATE"
"CD015123_pub2",5,1140,0.499566032431229,0.414488843446242,0.602106002863857,42.9780190785504,0.0164499009200402,3.19041048282155e-13,0,1,0,1,0,2,2,"LOW"
"CD015124_pub2",25,1,0.742217712958267,0.627184995205071,0.878348713123912,95.0944098255049,0.0883536886845849,0.000521044174732246,0,2,0,1,2,5,1,"VERY LOW"
"CD015134_pub2",3,12010,0.526543400416868,0.365896402412736,0.757722543032327,22.2701746455068,0.0277537737318396,0.000552409978659158,0,0,0,0,0,0,4,"HIGH"
"CD015140_pub2",7,1742,0.710716207204371,0.509090174316743,0.99219657472449,59.4814861706171,0.109128856930226,0.0448540443547797,0,1,0,1,0,2,2,"LOW"
"CD015160_pub2",10,1334,1.32794075348208,0.891269329962899,1.97855640879278,35.1480638754403,0.128440080063615,0.163262443011705,0,0,0,2,2,4,1,"VERY LOW"
"CD015192_pub2",14,3367,0.658170774678428,0.430519785680997,1.00619944320464,2.60532874120102e-06,1.7950112182209e-08,0.053425898117845,0,0,0,1,0,1,3,"MODERATE"
"CD015213_pub2",7,758,1.59583865405581,0.959267648673961,2.65483883804386,42.034771808033,0.152896991933643,0.0718821609161582,0,1,0,2,0,3,1,"VERY LOW"
"CD015215_pub2",9,635,1.12225528209611,0.954519692655845,1.31946666777332,79.7302062224432,0.0318389808535516,0.162580022900409,0,2,0,2,0,4,1,"VERY LOW"
"CD015219_pub2",45,15540,0.833524155544347,0.640337503106205,1.08499426397127,57.2299959296189,0.299607146835708,0.175862288340555,0,1,0,1,2,4,1,"VERY LOW"
"CD015252_pub2",5,388,1.11850293385693,0.952141147158954,1.31393209586573,0.00183264736772594,7.16836167362409e-07,0.172854198063034,0,0,0,2,0,2,2,"LOW"
"CD015254_pub2",2,177,6.41072503518537,3.20348753834072,12.8289543770285,9.61977814728892,0.0245015108053785,1.52658097482182e-07,0,0,0,1,0,1,3,"MODERATE"
"CD015255_pub2",2,443,0.777888135274326,0.315769940082521,1.91630004693428,92.6289943866139,0.392272480914485,0.585034202099722,0,2,0,2,0,4,1,"VERY LOW"
"CD015284_pub2",5,1789,1.12598375102881,0.987091185189131,1.28441974419819,37.8440111450982,0.00734432305350055,0.0773014780540227,0,0,0,2,0,2,2,"LOW"
"CD015314_pub2",49,18380,1.34685653373571,1.20298326934574,1.50793661781612,65.013984888098,0.076554480797687,2.38718739307063e-07,0,1,0,0,1,2,2,"LOW"
"CD015328_pub2",4,0,0.731965707759531,0.480338578307224,1.11540863368511,13.8475907607097,0.0269632622421916,0.14655551405741,0,0,0,2,0,2,2,"LOW"
"CD015350_pub2",4,454,1.92090084447735,0.944756027723018,3.90562213527955,71.167659321141,0.328455946386075,0.0713822809522606,0,1,0,2,0,3,1,"VERY LOW"
"CD015373_pub2",2,70,2.09734997972363,0.807846007171947,5.44519239854387,0,0,0.128102259952776,0,0,0,2,0,2,2,"LOW"
"CD015387_pub2",33,7278,1.31334406084132,1.20161211991327,1.43546539982609,51.3773966941009,0.0222368320246902,1.86997139160952e-09,0,1,0,0,0,1,3,"MODERATE"
"CD015395_pub3",2,2488,0.218829312774868,0.0160375489528205,2.98588445593485,68.2722303114409,2.56932960223355,0.254458764928547,0,1,0,1,0,2,2,"LOW"
"CD015432_pub2",3,293,0.584376031706189,0.454121972396646,0.75199036203956,0,0,2.97539265702557e-05,0,0,0,1,0,1,3,"MODERATE"
"CD015443_pub2",16,8692,0.898515984984642,0.705331578400752,1.14461198108192,69.6836994174757,0.132031241325661,0.386257097541106,0,1,0,1,0,2,2,"LOW"
"CD015462_pub2",2,396,1.11590746397456,0.680020978073875,1.83119272537922,0,0,0.664304344207877,0,0,0,2,0,2,2,"LOW"
"CD015476_pub2",36,29532,1.16308081737142,1.11763673639218,1.21037269417627,57.1838079138905,0.00699308482064708,1.09175382606501e-13,0,1,0,0,2,3,1,"VERY LOW"
"CD015495",18,4368,0.767349227558003,0.672036407582771,0.876179966427402,67.9402941397622,0.0536002365359286,9.10006913874161e-05,0,1,0,0,0,1,3,"MODERATE"
"CD015520",2,186,0.444098,0.139563980305073,1.41313706568765,0,0,0.169303266831855,0,0,0,2,0,2,2,"LOW"
"CD015530_pub2",5,3702,0.579734961672228,0.325686857838319,1.03195022364687,36.2957534203445,0.15136399265699,0.0638681764164228,0,0,0,1,0,1,3,"MODERATE"
"CD015532",22,3304,0.933460190800801,0.81000717734553,1.07572865053537,19.0100829989593,0.020433062801357,0.341406367568212,0,0,0,1,2,3,1,"VERY LOW"
"CD015536_pub2",11,1469,0.642817590075218,0.331598916569523,1.24612727443419,40.0184080367986,0.442627616010984,0.190718599958262,0,1,0,2,0,3,1,"VERY LOW"
"CD015551_pub2",5,6173,0.46661456131539,0.184111778989614,1.18259217322449,93.5014805226178,0.878176011036866,0.108156584252453,0,2,0,1,0,3,1,"VERY LOW"
"CD015573",2,120,3.32005368278261,0.356523229746722,30.9173583566745,0,0,0.291855496330109,0,0,0,2,0,2,2,"LOW"
"CD015584_pub2",17,2115,1.00080067190843,0.985650117637424,1.0161841072907,0,0,0.918092652869333,0,0,0,1,0,1,3,"MODERATE"
"CD015588_pub2",17,43370,0.847603820965924,0.760856792889596,0.944241076678254,32.0118844254583,0.0120966577653865,0.00268622571988785,0,0,0,0,0,0,4,"HIGH"
"CD015592_pub3",3,1420,0.932919303635629,0.734242847313803,1.18535499566674,80.0699656777495,0.0351647209202836,0.569831739907962,0,2,0,2,0,4,1,"VERY LOW"
"CD015636_pub2",7,12612,0.22884232470597,0.18288190132594,0.286353155764159,0,0,4.94609353800071e-38,0,0,0,0,0,0,4,"HIGH"
"CD015673_pub2",8,2041,1.12123716173592,0.931390837024312,1.34978005245804,49.3264921671493,0.0230136013189428,0.226646866576756,0,1,0,1,0,2,2,"LOW"
"CD015698_pub2",8,0,0.604357844947038,0.467479189336376,0.781314790220988,0,0,0.000121333450845073,0,0,0,1,0,1,3,"MODERATE"
"CD015701_pub2",5,17170,1.00432602727168,0.825806454744819,1.22143725477056,42.7971719028176,0.0192632730440508,0.965517719178208,0,1,0,1,0,2,2,"LOW"
"CD015711_pub2",2,200,1.06814049388456,0.937021473825859,1.21760722304214,0,0,0.323882187553675,0,0,0,2,0,2,2,"LOW"
"CD015721_pub2",6,2336,1.01677965944092,0.951494939137887,1.08654374640133,28.6182587309238,0.00201603162313027,0.623087207343329,0,0,0,1,0,1,3,"MODERATE"
"CD015746_pub2",26,219563,0.25553626906075,0.158059982213964,0.413126611118392,89.7224036448518,0.952723188436621,2.59545076637316e-08,0,2,0,0,2,4,1,"VERY LOW"
"CD015779",8,2116,0.248491352269499,0.119974474423376,0.51467574623268,29.5481375880335,0.298455633347633,0.000178276658032391,0,0,0,0,0,0,4,"HIGH"
"CD015786_pub2",7,3942,0.858471144274111,0.71284289813093,1.03385010565952,0,0,0.107616238396597,0,0,0,1,0,1,3,"MODERATE"
"CD015788_pub2",3,308,2.47421736201266,0.728271473036536,8.40586481983179,98.7759315729708,1.06467410411471,0.146545428355801,0,2,0,2,0,4,1,"VERY LOW"
"CD015802_pub2",3,392,1.2227384837854,0.272751131490329,5.48151493106762,89.3923446160852,1.55738764239586,0.792773342930247,0,2,0,2,0,4,1,"VERY LOW"
"CD015820_pub2",2,341,21.2758499049052,14.2723906870997,31.7159051416101,0,0,6.27559542213489e-51,0,0,0,1,0,1,3,"MODERATE"
"CD015824_pub2",12,3155,0.694654649924999,0.554463218146451,0.870292323944505,69.0158211144439,0.0783605409045102,0.00153504014526194,0,1,0,0,0,1,3,"MODERATE"
"CD015849_pub2",26,38313,0.855506251631028,0.769148132638841,0.951560454380555,21.2636024093899,0.0103869620131075,0.00404592457233017,0,0,0,0,0,0,4,"HIGH"
"CD015854",8,348,0.715936373416209,0.524159875470589,0.977878915894076,0,0,0.0356744717509592,0,0,0,1,0,1,3,"MODERATE"
"CD015855",6,272,1.12717375631673,0.507801684082514,2.50200170018088,89.8641504196263,0.795401421182791,0.768557412488775,0,2,0,2,0,4,1,"VERY LOW"
"CD015894_pub2",2,101,0.852527236748792,0.36681969608815,1.98136222550022,0,0,0.710777914049588,0,0,0,2,0,2,2,"LOW"
"CD015932_pub2",15,2289,1.04300100134519,0.848488461138018,1.28210475290141,10.9563464756174,0.0175565524972322,0.689299922706156,0,0,0,1,0,1,3,"MODERATE"
"CD016058_pub2",6,4279,1.34047817966134,1.20946699134407,1.48568068662323,0,0,2.34574505387828e-08,0,0,0,0,0,0,4,"HIGH"
"CD016064",196,71665,0.812884592616061,0.761708943603713,0.867498493304232,88.5934439507727,0.162168048471176,4.25185995782307e-10,0,2,0,0,2,4,1,"VERY LOW"
"CD016119",16,6617,1.33786814492479,0.999192813855894,1.79133711570371,34.8183213354275,0.105389579020543,0.0506329501530163,0,0,0,1,0,1,3,"MODERATE"
"CD016120",3,3115,0.426296267880872,0.128475501881504,1.41449930413016,40.3080804022487,0.534296513407425,0.163524633687944,0,1,0,1,0,2,2,"LOW"
"CD016131",14,114306,0.463038955316218,0.332987594674664,0.643883068226047,74.2037892734876,0.268458439557053,4.71511833049479e-06,0,1,0,0,0,1,3,"MODERATE"
"CD016136",46,6643,1.44227801636855,1.2339938762658,1.68571815185567,71.7260622213317,0.160517126293966,4.18007485796262e-06,0,1,0,0,2,3,1,"VERY LOW"
"CD016147",7,841,0.878884552991174,0.763839348989377,1.01125722117942,0.009446796979742,3.65106837795552e-06,0.0712924522311524,0,0,0,2,0,2,2,"LOW"
"CD016148",17,12784,0.961773075093333,0.916428355806852,1.00936144338319,3.88966891942128,0.000436672233709809,0.113685986510014,0,0,0,1,0,1,3,"MODERATE"
"CD016211",4,42430,0.654308648063506,0.556289969133959,0.769598286298775,0,0,3.00947588651337e-07,0,0,0,0,0,0,4,"HIGH"
"CD016278",4,13042,0.951125772430284,0.82879159625329,1.09151714263357,37.719288627176,0.0066711440369629,0.475623417984014,0,0,0,1,0,1,3,"MODERATE"
